grek	latn
α	a
ά	á
Α	A
Ά	Á
β	b
Β	B
γ	g
Γ	G
δ	d
Δ	D
ε	e
έ	é
Ε	E
Έ	É
ζ	z
Ζ	Z
η	ē
ή	ḗ
Η	Ē
Ή	Ḗ
θ	th
Θ	Th
ι	i
ί	í
ϊ	ï
ΐ	í̈
Ι	I
Ί	Í
Ϊ	Ï
κ	k
Κ	K
λ	l
Λ	L
μ	m
Μ	M
ν	n
Ν	N
ξ	x
Ξ	X
ο	o
ό	ó
Ο	O
Ό	Ó
π	p
Π	P
ρ	r
Ρ	R
ς	s
σ	s
Σ	S
τ	t
Τ	T
υ	y
ύ	ý
ϋ	ÿ
ΰ	ý̈
Υ	Y
Ύ	Ý
Ϋ	Ÿ
φ	ph
Φ	Ph
χ	ch
Χ	Ch
ψ	ps
Ψ	Ps
ω	ō
ώ	ṓ
Ω	Ō
Ώ	Ṓ
·	;
;	?
΄	´
̃	̂
̑	̂
ἀ	a̓
ἁ	a̔
ἂ	a̓̀
ἃ	a̔̀
ἄ	a̓́
ἅ	a̔́
ἆ	a̓͂
ἇ	a̔͂
Ἀ	A̓
Ἁ	A̔
Ἂ	A̓̀
Ἃ	A̔̀
Ἄ	A̓́
Ἅ	A̔́
Ἆ	A̓͂
Ἇ	A̔͂
ἐ	e̓
ἑ	e̔
ἒ	e̓̀
ἓ	e̔̀
ἔ	e̓́
ἕ	e̔́
Ἐ	E̓
Ἑ	E̔
Ἒ	E̓̀
Ἓ	E̔̀
Ἔ	E̓́
Ἕ	E̔́
ἠ	ē̓
ἡ	ē̔
ἢ	ē̓̀
ἣ	ē̔̀
ἤ	ē̓́
ἥ	ē̔́
ἦ	ē̓͂
ἧ	ē̔͂
Ἠ	Ē̓
Ἡ	Ē̔
Ἢ	Ē̓̀
Ἣ	Ē̔̀
Ἤ	Ē̓́
Ἥ	Ē̔́
Ἦ	Ē̓͂
Ἧ	Ē̔͂
ἰ	i̓
ἱ	i̔
ἲ	i̓̀
ἳ	i̔̀
ἴ	i̓́
ἵ	i̔́
ἶ	i̓͂
ἷ	i̔͂
Ἰ	I̓
Ἱ	I̔
Ἲ	I̓̀
Ἳ	I̔̀
Ἴ	I̓́
Ἵ	I̔́
Ἶ	I̓͂
Ἷ	I̔͂
ὀ	o̓
ὁ	o̔
ὂ	o̓̀
ὃ	o̔̀
ὄ	o̓́
ὅ	o̔́
Ὀ	O̓
Ὁ	O̔
Ὂ	O̓̀
Ὃ	O̔̀
Ὄ	O̓́
Ὅ	O̔́
ὐ	y̓
ὑ	y̔
ὒ	y̓̀
ὓ	y̔̀
ὔ	y̓́
ὕ	y̔́
ὖ	y̓͂
ὗ	y̔͂
Ὑ	Y̔
Ὓ	Y̔̀
Ὕ	Y̔́
Ὗ	Y̔͂
ὠ	ō̓
ὡ	ō̔
ὢ	ō̓̀
ὣ	ō̔̀
ὤ	ō̓́
ὥ	ō̔́
ὦ	ō̓͂
ὧ	ō̔͂
Ὠ	Ō̓
Ὡ	Ō̔
Ὢ	Ō̓̀
Ὣ	Ō̔̀
Ὤ	Ō̓́
Ὥ	Ō̔́
Ὦ	Ō̓͂
Ὧ	Ō̔͂
ὰ	à
ά	á
ὲ	è
έ	é
ὴ	ḕ
ή	ḗ
ὶ	ì
ί	í
ὸ	ò
ό	ó
ὺ	ỳ
ύ	ý
ὼ	ṑ
ώ	ṓ
ᾀ	a̓ͅ
ᾁ	a̔ͅ
ᾂ	a̓̀ͅ
ᾃ	a̔̀ͅ
ᾄ	a̓́ͅ
ᾅ	a̔́ͅ
ᾆ	a̓͂ͅ
ᾇ	a̔͂ͅ
ᾈ	A̓ͅ
ᾉ	A̔ͅ
ᾊ	A̓̀ͅ
ᾋ	A̔̀ͅ
ᾌ	A̓́ͅ
ᾍ	A̔́ͅ
ᾎ	A̓͂ͅ
ᾏ	A̔͂ͅ
ᾐ	ē̓ͅ
ᾑ	ē̔ͅ
ᾒ	ē̓̀ͅ
ᾓ	ē̔̀ͅ
ᾔ	ē̓́ͅ
ᾕ	ē̔́ͅ
ᾖ	ē̓͂ͅ
ᾗ	ē̔͂ͅ
ᾘ	Ē̓ͅ
ᾙ	Ē̔ͅ
ᾚ	Ē̓̀ͅ
ᾛ	Ē̔̀ͅ
ᾜ	Ē̓́ͅ
ᾝ	Ē̔́ͅ
ᾞ	Ē̓͂ͅ
ᾟ	Ē̔͂ͅ
ᾠ	ō̓ͅ
ᾡ	ō̔ͅ
ᾢ	ō̓̀ͅ
ᾣ	ō̔̀ͅ
ᾤ	ō̓́ͅ
ᾥ	ō̔́ͅ
ᾦ	ō̓͂ͅ
ᾧ	ō̔͂ͅ
ᾨ	Ō̓ͅ
ᾩ	Ō̔ͅ
ᾪ	Ō̓̀ͅ
ᾫ	Ō̔̀ͅ
ᾬ	Ō̓́ͅ
ᾭ	Ō̔́ͅ
ᾮ	Ō̓͂ͅ
ᾯ	Ō̔͂ͅ
ᾰ	ă
ᾱ	ā
ᾲ	àͅ
ᾳ	aͅ
ᾴ	áͅ
ᾶ	a͂
ᾷ	a͂ͅ
Ᾰ	Ă
Ᾱ	Ā
Ὰ	À
Ά	Á
ᾼ	Aͅ
ι	i
ῂ	ḕͅ
ῃ	ēͅ
ῄ	ḗͅ
ῆ	ē͂
ῇ	ē͂ͅ
Ὲ	È
Έ	É
Ὴ	Ḕ
Ή	Ḗ
ῌ	Ēͅ
ῐ	ĭ
ῑ	ī
ῒ	ï̀
ΐ	ḯ
ῖ	i͂
ῗ	ï͂
Ῐ	Ĭ
Ῑ	Ī
Ὶ	Ì
Ί	Í
ῠ	y̆
ῡ	ȳ
ῢ	ÿ̀
ΰ	ÿ́
ῤ	r̓
ῥ	r̔
ῦ	y͂
ῧ	ÿ͂
Ῠ	Y̆
Ῡ	Ȳ
Ὺ	Ỳ
Ύ	Ý
Ῥ	R̔
΅	΅
`	`
ῲ	ṑͅ
ῳ	ōͅ
ῴ	ṓͅ
ῶ	ō͂
ῷ	ō͂ͅ
Ὸ	Ò
Ό	Ó
Ὼ	Ṑ
Ώ	Ṓ
ῼ	Ōͅ
´	´
